<?xml version="1.0"?>
	<template_definition>
	<template_name>EBSD_model</template_name>
	<layout>	    
			<item>
				<name>grouping</name>
				<value>			    
					<name>EBSD</name>
					<description>EBSD network model</description>
					<categories>
						<category>
							<name>Resources</name>
							<description>Network resources</description>
							<displayname>Network resources</displayname>
							<groups>
								<group>
									<name>optSou</name>
									<description>optional future nodes</description>
									<displayname>optional future nodes</displayname>
									<image>images\optSou.png</image>
								</group>                            
								<group>
									<name>exDO</name>
									<description>Existing nodes</description>
									<displayname>Existing nodes</displayname>
									<image>images\exDO.png</image>
								</group>
								<group>
									<name>junct</name>
									<description>Junction</description>
									<displayname>Junction</displayname>
									<image>images\junction.png</image>
								</group>
								<group>
									<name>dem</name>
									<description>demand nodes</description>
									<displayname>demand nodes</displayname>
									<image>images\dm.png</image>
								</group>
								<group>
									<name>linkso</name>
									<description>optional future links</description>
									<displayname>optional future linkss</displayname>		
									<image>images\linkso.png</image>
								</group>
								 <group>
									<name>exlink</name>
									<description>Existing links</description>
									<displayname>Existing linkss</displayname>		
									<image>images\exlink.png</image>
								</group>
								 <group>
									<name>loc</name>
									<description>Exist loc links</description>
									<displayname>Exist loc linkss</displayname>		
									<image>images\loc.png</image>
								</group>
								 <group>
									<name>lft</name>
									<description>Future lft links</description>
									<displayname>Future lft linkss</displayname>		
									<image>images\lft.png</image>
								</group>

							</groups>
						</category>	
					</categories>
				</value>
			</item>
		</layout>
	<resources>
	  <resource>
		<type>NODE</type>
		<name>optSou</name>
		<layout>
			<item>
				<name>image</name>
				<value>images\optSou.png</value>
			</item>
			<item>
				<name>symbol</name>
				<value>circle</value>
			</item>
			<item>
				<name>colour</name>
				<value>Red</value>
			</item>
			<item>
				<name>group</name>
				<value>optSou</value>
			</item>
		</layout>	
		<attribute>
		  <name>S</name>
		  <dimension>Dimensionless</dimension>
		  <is_var>Y</is_var>
		  <data_type>timeseries</data_type>
		</attribute>		
		<attribute>
		  <name>maxcapS</name>
		  <dimension>Volume</dimension>
		  <is_var>N</is_var>
		  <data_type>scalar</data_type>
		</attribute>
		<attribute>
		  <name>AS</name>
		  <dimension>Dimensionless</dimension>
		  <is_var>Y</is_var>
		  <data_type>timeseries</data_type>
		</attribute>
		<attribute>
		  <name>mincapS</name>
		  <dimension>Volume</dimension>
		  <is_var>N</is_var>
		  <data_type>scalar</data_type>
		</attribute>
		<attribute>
		  <name>capitalS</name>
		  <dimension>Dimensionless</dimension>
		  <is_var>N</is_var>
		  <data_type>scalar</data_type>
		</attribute>
		<attribute>
		  <name>fixedS</name>
		  <dimension>Dimensionless</dimension>
		  <is_var>N</is_var>
		  <data_type>scalar</data_type>
		</attribute>
		<attribute>
		  <name>varS</name>
		  <dimension>Dimensionless</dimension>
		  <is_var>N</is_var>
		  <data_type>scalar</data_type>
		</attribute>
	  </resource>
	  <resource>
		<type>NODE</type>
		<name>exDO</name>
		<layout>
			<item>
				<name>image</name>
				<value>images\exDO.png</value>
			</item>
			<item>
				<name>symbol</name>
				<value>square</value>
			</item>
			<item>
				<name>colour</name>
				<value>green</value>
			</item>
			<item>
				<name>group</name>
				<value>exDO</value>
			</item>
		</layout>
		<attribute>
		  <name>S</name>
		  <dimension>Dimensionless</dimension>
		  <is_var>Y</is_var>
		  <data_type>timeseries</data_type>
		</attribute>
		<attribute>
		  <name>maxcapS</name>
		  <dimension>Volume</dimension>
		  <is_var>N</is_var>
		  <data_type>scalar</data_type>
		</attribute>
		<attribute>
		  <name>mincapS</name>
		  <dimension>Volume</dimension>
		  <is_var>N</is_var>
		  <data_type>scalar</data_type>
		</attribute>
		<attribute>
		  <name>capitalS</name>
		  <dimension>Dimensionless</dimension>
		  <is_var>N</is_var>
		  <data_type>scalar</data_type>
		</attribute>
		<attribute>
		  <name>fixedS</name>
		  <dimension>Dimensionless</dimension>
		  <is_var>N</is_var>
		  <data_type>scalar</data_type>
		</attribute>
		<attribute>
		  <name>varS</name>
		  <dimension>Dimensionless</dimension>
		  <is_var>N</is_var>
		  <data_type>scalar</data_type>
		</attribute>
	  </resource>
	  <resource>
		<type>NODE</type>
		<name>dem</name>
		<layout>
			<item>
				<name>image</name>
				<value>images\dem.png</value>
			</item>
			<item>
				<name>symbol</name>
				<value>square</value>
			</item>
			<item>
				<name>colour</name>
				<value>blue</value>
			</item>
			<item>
				<name>group</name>
				<value>dem</value>
			</item>
		</layout>		
		<attribute>
		  <name>demand</name>
		  <dimension>Volume</dimension>
		  <is_var>N</is_var>
		  <data_type>timeseries</data_type>
		</attribute>    
	  </resource>
	  <resource>
		<type>NODE</type>
		<name>junct</name>
		<layout>
			<item>
				<name>image</name>
				<value>images\junct.png</value>
			</item>
			<item>
				<name>symbol</name>
				<value>triangle</value>
			</item>
			<item>
				<name>colour</name>
				<value>yellow</value>
			</item>
			<item>
				<name>group</name>
				<value>junct</value>
			</item>
		</layout>
	  </resource>
	  <resource>   
		<type>LINK</type>
		<name>linkso</name>
		<layout>
			<item>
				<name>image</name>
				<value>images\linkso.png</value>
			</item>
			<item>
				<name>symbol</name>
				<value>solid</value>
			</item>
			<item>
				<name>colour</name>
				<value>green</value>
			</item>
			<item>
				<name>line_weight</name>
				<value>3</value>
			</item>
			<item>
				   <name>group</name>
				   <value>linkso</value>
			</item>        
		</layout>
		<attribute>
		  <name>fixedL</name>
		  <dimension>Dimensionless</dimension>
		  <is_var>N</is_var>
		  <data_type>scalar</data_type>
		</attribute>
		<attribute>
		  <name>Q</name>
		  <dimension>Volumetric flow rate</dimension>
		  <is_var>Y</is_var>
		  <data_type>timeseries</data_type>
		</attribute>
		<attribute>
		  <name>AL</name>
		  <dimension>Dimensionless</dimension>
		  <is_var>Y</is_var>
		  <data_type>timeseries</data_type>
		</attribute>
		<attribute>
		  <name>varL</name>
		  <dimension>Dimensionless</dimension>
		  <is_var>N</is_var>
		  <data_type>scalar</data_type>
		</attribute>
		<attribute>
		  <name>maxcapL</name>
		  <dimension>Dimensionless</dimension>
		  <is_var>N</is_var>
		  <data_type>scalar</data_type>
		</attribute>
		<attribute>
		  <name>mincapL</name>
		  <dimension>Dimensionless</dimension>
		  <is_var>N</is_var>
		  <data_type>scalar</data_type>
		</attribute>	
		<attribute>
		  <name>aval</name>
		  <dimension>Dimensionless</dimension>
		  <is_var>N</is_var>
		  <data_type>scalar</data_type>
		</attribute>	
	  </resource>
	   <resource>   
		<type>LINK</type>
		<name>exlink</name>
		<layout>
			<item>
				<name>image</name>
				<value>images\exlink.png</value>
			</item>
			<item>
				<name>symbol</name>
				<value>solid</value>
			</item>
			<item>
				<name>colour</name>
				<value>red</value>
			</item>
			<item>
				<name>line_weight</name>
				<value>3</value>
			</item>
			<item>
				   <name>group</name>
				   <value>exlink</value>
			</item>        
		</layout>
			<attribute>
		  <name>Q</name>
		  <dimension>Volumetric flow rate</dimension>
		  <is_var>Y</is_var>
		  <data_type>timeseries</data_type>
		</attribute>
		<attribute>
		  <name>fixedL</name>
		  <dimension>Dimensionless</dimension>
		  <is_var>N</is_var>
		  <data_type>scalar</data_type>
		</attribute>
		<attribute>
		  <name>varL</name>
		  <dimension>Dimensionless</dimension>
		  <is_var>N</is_var>
		  <data_type>scalar</data_type>
		</attribute>
		<attribute>
		  <name>maxcapL</name>
		  <dimension>Dimensionless</dimension>
		  <is_var>N</is_var>
		  <data_type>scalar</data_type>
		</attribute>
		<attribute>
		  <name>mincapL</name>
		  <dimension>Dimensionless</dimension>
		  <is_var>N</is_var>
		  <data_type>scalar</data_type>
		</attribute>	
	  </resource>
	  <resource>   
		<type>LINK</type>
		<name>loc</name>
		<layout>
			<item>
				<name>image</name>
				<value>images\loc.png</value>
			</item>
			<item>
				<name>symbol</name>
				<value>solid</value>
			</item>
			<item>
				<name>colour</name>
				<value>black</value>
			</item>
			<item>
				<name>line_weight</name>
				<value>3</value>
			</item>
			<item>
				   <name>group</name>
				   <value>loc</value>
			</item>        
		</layout>
			<attribute>
		  <name>Q</name>
		  <dimension>Volumetric flow rate</dimension>
		  <is_var>Y</is_var>
		  <data_type>timeseries</data_type>
		</attribute>
		<attribute>
		  <name>fixedL</name>
		  <dimension>Dimensionless</dimension>
		  <is_var>N</is_var>
		  <data_type>scalar</data_type>
		</attribute>
		<attribute>
		  <name>varL</name>
		  <dimension>Dimensionless</dimension>
		  <is_var>N</is_var>
		  <data_type>scalar</data_type>
		</attribute>
		<attribute>
		  <name>maxcapL</name>
		  <dimension>Dimensionless</dimension>
		  <is_var>N</is_var>
		  <data_type>scalar</data_type>
		</attribute>
		<attribute>
		  <name>mincapL</name>
		  <dimension>Dimensionless</dimension>
		  <is_var>N</is_var>
		  <data_type>scalar</data_type>
		</attribute>	
	  </resource>
	   <resource>   
		<type>LINK</type>
		<name>lft</name>
		<layout>
			<item>
				<name>image</name>
				<value>images\lft.png</value>
			</item>
			<item>
				<name>symbol</name>
				<value>solid</value>
			</item>
			<item>
				<name>colour</name>
				<value>blue</value>
			</item>
			<item>
				<name>line_weight</name>
				<value>3</value>
			</item>
			<item>
				   <name>group</name>
				   <value>lft</value>
			</item>        
		</layout>
			<attribute>
		  <name>AL</name>
		  <dimension>Dimensionless</dimension>
		  <is_var>Y</is_var>
		  <data_type>timeseries</data_type>
		</attribute>	
		<attribute>
		  <name>capitalL</name>
		  <dimension>Dimensionless</dimension>
		  <is_var>N</is_var>
		  <data_type>scalar</data_type>
		</attribute>
		<attribute>
		  <name>aval</name>
		  <dimension>Dimensionless</dimension>
		  <is_var>N</is_var>
		  <data_type>scalar</data_type>
		</attribute>	
			<attribute>
		  <name>Q</name>
		  <dimension>Volumetric flow rate</dimension>
		  <is_var>Y</is_var>
		  <data_type>timeseries</data_type>
		</attribute>
		<attribute>
		  <name>fixedL</name>
		  <dimension>Dimensionless</dimension>
		  <is_var>N</is_var>
		  <data_type>scalar</data_type>
		</attribute>
		<attribute>
		  <name>varL</name>
		  <dimension>Dimensionless</dimension>
		  <is_var>N</is_var>
		  <data_type>scalar</data_type>
		</attribute>
		<attribute>
		  <name>maxcapL</name>
		  <dimension>Dimensionless</dimension>
		  <is_var>N</is_var>
		  <data_type>scalar</data_type>
		</attribute>
		<attribute>
		  <name>mincapL</name>
		  <dimension>Dimensionless</dimension>
		  <is_var>N</is_var>
		  <data_type>scalar</data_type>
		</attribute>	
	  </resource>
	  <resource>
		<type>NETWORK</type>
		<name>tutorial_model</name>
		<attribute>
		  <name>Z</name>
		  <dimension>Monetary value</dimension>
		  <is_var>Y</is_var>
		</attribute>
		<attribute>
		  <name>In</name>
		  <dimension>Dimensionless</dimension>
		  <is_var>N</is_var>
		  <data_type>scalar</data_type>
		</attribute>
		<attribute>
		  <name>CPl</name>
		  <dimension>Dimensionless</dimension>
		  <is_var>N</is_var>
		  <data_type>scalar</data_type>
		</attribute>
		<attribute>
		  <name>CPs</name>
		  <dimension>Dimensionless</dimension>
		  <is_var>N</is_var>
		  <data_type>scalar</data_type>
		</attribute>
		<attribute>
		  <name>Dr</name>
		  <dimension>Dimensionless</dimension>
		  <is_var>N</is_var>
		  <data_type>scalar</data_type>
		</attribute>				
	  </resource>
	</resources>
	</template_definition>

