<?xml version="1.0" encoding="utf-8"?>
<!--
    (c) Copyright 2013, 2014, University of Manchester

    HydraPlatform is free software: you can redistribute it and/or modify
    it under the terms of the GNU Lesser General Public License as published by
    the Free Software Foundation, either version 3 of the License, or
    (at your option) any later version.

    HydraPlatform is distributed in the hope that it will be useful,
    but WITHOUT ANY WARRANTY; without even the implied warranty of
    MERCHANTABILITY or FITNESS FOR A PARTICULAR PURPOSE.  See the
    GNU General Public License for more details.

    You should have received a copy of the GNU Lesser General Public License
    along with HydraPlatform.  If not, see <http://www.gnu.org/licenses/>
-->
<UNITS>
    <dimension name="Length">
        <unit name="angström"           abbr="Å"      lf="1e-10"             cf="0" info="Angstrom sometimes used expressing the size of atoms, and lengths of chemical bonds and visible-light spectra." />
        <unit name="astronomical unit"  abbr="AU"       lf="149598550000"      cf="0" info="Is a unit of length approximately equal to the distance from the Earth to the Sun."/>
        <unit name="centimetre"         abbr="cm"       lf="0.01"              cf="0" />
        <unit name="decimetre"          abbr="dm"       lf="0.1"               cf="0" />
        <unit name="femtometre"         abbr="fm"       lf="1e-15"             cf="0" />
        <unit name="foot"               abbr="ft"       lf="0.3048"            cf="0" info ="International foot. Foot is a unit of length, in a number of different systems, including English units, Imperial units, and United States customary units. Its size can vary from system to system, but in each is around a quarter to a third of a metre. The most commonly used foot today is the international foot."/>
        <unit name="hectometre"         abbr="hm"       lf="100"               cf="0" />
        <unit name="inch"               abbr="in"       lf="0.0254"            cf="0" info="The international inch is defined to be precisely 25.4 mm"/>
        <unit name="kilometre"          abbr="km"       lf="1000"              cf="0" />
        <unit name="light-year"         abbr="ly"       lf="9460528405000000"  cf="0" info="A light-year is the distance that light travels in a vacuum in one year. While there is no authoritative decision on which year is used, the International Astronomical Union (IAU) recommends the Julian year."/>
        <unit name="metre"              abbr="m"        lf="1"                 cf="0" info="Is the fundamental unit of length in the International System of Units (SI). The metre is defined as the length of the path traveled by light in vacuum during a time interval of 1/299,792,458 second."/>
        <unit name="micrometre"         abbr="µm"       lf="1e-06"             cf="0" />
        <unit name="mile"               abbr="mi"       lf="1609.344"          cf="0" info="The international mile is defined to be precisely 1760 international yards (by definition, 0.9144 m each) and is therefore exactly 1609.344 metres."/>
        <unit name="mile(nautical)"     abbr="nmi"  lf="1852"              cf="0" info="Corresponds approximately to one minute of latitude along any meridian. It is a non-SI unit used by special interest groups such as navigators in the shipping and aviation industries. It is commonly used in international law and treaties, especially regarding the limits of territorial waters. It developed from the geographical mile."/>
        <unit name="millimetre"         abbr="mm"       lf="0.001"             cf="0" />
        <unit name="nanometre"          abbr="nm"       lf="1e-09"             cf="0" />
        <unit name="parsec"             abbr="pc"       lf="30856776000000000" cf="0" info="The name parsec stands for ''parallax of one second of arc'', and one parsec is defined to be the distance from the Earth to a star that has a parallax of 1 arcsecond."/>
        <unit name="picometre"          abbr="pm"       lf="1e-12"             cf="0" />
        <unit name="yard"               abbr="yd"       lf="0.9144"            cf="0" info="The international yard is defined as 3 feet, 36 inches, or 1/1760 of a mile, which is exactly 0.9144 metres."/>
    </dimension>


    <dimension name="Area">
        <unit name="square metre"        abbr="m^2"    lf="1"              cf="0" />
        <unit name="square kilometre"    abbr="km^2"   lf="1000000"        cf="0" />
        <unit name="are"                 abbr="a"     lf="100"            cf="0" />
        <unit name="acre"                abbr="ac"    lf="4046.8564224"   cf="0" info="International acre."/>
        <unit name="acre(US)"            abbr="ac (US)"    lf="4046.87261"     cf="0" info="United States survey acre."/>
        <unit name="hectare"             abbr="ha"    lf="10000"          cf="0" info="Commonly used for measuring land area."/>
        <unit name="square yard"         abbr="yd^2"   lf="0.83612736"     cf="0" />
        <unit name="square foot"         abbr="ft^2"   lf="0.09290304"     cf="0" />
        <unit name="square inch"         abbr="in^2"   lf="0.00064516"     cf="0" />
        <unit name="square mile"         abbr="mi^2"   lf="2589988.110336" cf="0" />
    </dimension>


    <dimension name="Volume">
        <unit name="barrel(oil)"          abbr="bbl"  lf="0.158987295"    cf="0" info="The standard oil barrel is used in the United States for crude oil or other petroleum products. 1 Oil barrel = 42 US gallons"/>
        <unit name="centilitre"          abbr="cl"    lf="0.00001"          cf="0" />
        <unit name="cubic centimetre"    abbr="cm^3"   lf="0.000001"         cf="0" />
        <unit name="cubic decimetre"     abbr="dm^3"   lf=".001"             cf="0" />
        <unit name="cubic hectometre"    abbr="hm^3"   lf="1e6"           cf="0" />
        <unit name="cubic foot"          abbr="ft^3"   lf="0.028316846592"  cf="0" />
        <unit name="cubic inch"          abbr="in^3"   lf="0.000016387064"   cf="0" />
        <unit name="cubic metre"         abbr="m^3"    lf="1"          cf="0" />
        <unit name="cubic millimetre"    abbr="mm^3"   lf="0.000000001"      cf="0" />
        <unit name="cubic yard"          abbr="yd^3"   lf="0.764554857984" cf="0" />
        <unit name="decilitre"           abbr="dl"    lf="0.0001"           cf="0" />
        <unit name="fluid ounce(US)"     abbr="fl oz" lf="0.000029574"      cf="0" />
        <unit name="gallon, liquid(US)"  abbr="gal"   lf="0.003785411784"   cf="0" info="US liquid gallon is 231 in^3 or 128 fl oz or 3.785411784 L."/>
        <unit name="megalitre"           abbr="Ml"    lf="1000"             cf="0" info="A megalitre is a unit used in water management (1 Ml = 10^3 m^3)."/>
        <unit name="litre"               abbr="l"     lf="0.001"             cf="0" info="A litre is defined as a special name for a cubic decimetre (1 L = 1 dm^3)."/>
        <unit name="decilitre"           abbr="dl"    lf="0.0001"           cf="0" />
        <unit name="millilitre"          abbr="ml"    lf="0.000001"         cf="0" />
        <unit name="pint, liquid(US)"    abbr="pt"    lf="0.000473176475"   cf="0" />
        <unit name="acre-foot"           abbr="ac-ft" lf="1.23348184"    cf="0" info="An acre foot is the volume of water that covers one acre in one foot. This unit is popular among irrigation people in the US." />
        <unit name="acre-inch"           abbr="ac-in" lf="0.102790153"    cf="0" info="See acre-foot." />
    </dimension>


    <dimension name="Angle">
        <unit name="degree"         abbr="°"     lf="1"                cf="0"  info="Is a measurement of plane angle, representing 1/360 of a full rotation"/>
        <unit name="grad or gon"    abbr="grd"   lf="0.9"              cf="0"  info="One grad equals 9/10 of a degree or π/200 of a radian     "/>
        <unit name="radian"         abbr="rad"   lf="57.29577951"      cf="0"  info="1 rad=180/π "/>
        <unit name="minutes"        abbr="'"     lf="0.0166666666"     cf="0"  info="1°=1/60     "/>
        <unit name="seconds"        abbr="''"    lf="2.7777777778e-4"  cf="0"  info="1°=1/3600   "/>
    </dimension>

    <dimension name="Speed">
        <unit name="metre/second"                   abbr="m s^-1"  lf="1"                cf="0" />
        <unit name="foot/hour"                      abbr="fph"  lf="8.4666666666e-5"  cf="0" />
        <unit name="inch/minute"                    abbr="ipm"  lf="4.2333333333e-4"  cf="0" />
        <unit name="foot/minute"                    abbr="fpm"  lf="0.00508"          cf="0" />
        <unit name="inch/second"                    abbr="ips"  lf="0.0254"           cf="0" />
        <unit name="kilometre/hour"                 abbr="km h^-1" lf="0.27777777777778" cf="0" />
        <unit name="foot/second"                    abbr="fps"  lf="0.3048"           cf="0" />
        <unit name="mile/hour"                      abbr="mph"  lf="0.44704"          cf="0" />
        <unit name="knot"                           abbr="kn"   lf="0.514444"         cf="0" info="Knot is a unit of speed, equal to one nautical mile per hour."/>
        <unit name="knot(admiralty)"                abbr="kn"   lf="0.514773"         cf="0" />
        <unit name="mile/minute"                    abbr="mpm"  lf="26.8224"          cf="0" />
        <unit name="mile/second"                    abbr="mps"  lf="1609.344"         cf="0" />
        <unit name="speed of light in vacuum"       abbr="c"    lf="2.99792458e+8"    cf="0" info="The speed of light in a vacuum is an important physical constant denoted by the letter c for constant or the Latin word celeritas meaning 'swiftness'. It is the speed of all electromagnetic radiation, including visible light, in a vacuum. More generally, it is the speed of anything having zero rest mass."/>
    </dimension>

    <dimension name="Time">
        <unit name="day"        abbr="day"     lf="86400"              cf="0" />
        <unit name="hour"       abbr="h"    lf="3600"               cf="0" />
        <unit name="minute"     abbr="min"  lf="60"                 cf="0" />
        <unit name="month"      abbr="mon"     lf="2629743.8328"       cf="0"  info="Here: 1 month =  1/12 year. 
            January = 31 days 
            February, 28 days, 29 in leap years, or 30 on certain occasions in related calendars
            March, 31 days
            April, 30 days
            May, 31 days
            June, 30 days
            July, 31 days
            August, 31 days
            September, 30 days
            October, 31 days
            November, 30 days
            December, 31 days"/>
        <unit name="second"         abbr="s"    lf="1"                  cf="0" info="The second is the SI base unit of time and is defined as the duration of 9 192 631 770 periods of the radiation corresponding to the transition between the two hyperfine levels of the ground state of the caesium-133 atom. This definition refers to a caesium atom at rest at a temperature of 0 K" />
        <unit name="millisecond"    abbr="ms"   lf="0.001"              cf="0" />
        <unit name="microsecond"    abbr="μs"   lf="0.000001"           cf="0" />
        <unit name="nanosecond"     abbr="ns"   lf="0.000000001"        cf="0" />
        <unit name="picosecond"     abbr="ps"   lf="0.000000000001"     cf="0" />
        <unit name="year"           abbr="yr"     lf="3.15569259936e7"    cf="0" info="Here: 1 year = 365.242199 days."/>
    </dimension>

    <dimension name="Energy">
        <unit name="BTU(IT)"          abbr="BTU"       lf="1055.056"          cf="0" info="The British thermal unit (BTU or Btu) is a unit of energy used in the United States. In most other areas, it has been replaced by the SI unit of energy, the joule (J). A Btu is defined as the amount of heat required to raise the temperature of one pound avoirdupois of water by one degree Fahrenheit. 143 Btu is required to melt a pound of ice. As is the case with the calorie, several different definitions of the Btu exist, here ISO BTU is used  1 ISO BTU = 1055.056 J"/>
        <unit name="calorie(IT)"      abbr="cal"       lf="4.1868"            cf="0" info="The small calorie or gram calorie approximates the energy needed to increase the temperature of 1 g of water by 1C. Here the definition adopted by the Fifth International Conference on Properties of Steam (London, July 1956) is used. 1 cal = 4.1868 J exactly."/>
        <unit name="electronvolt"     abbr="eV"        lf="1.60217733e-19"    cf="0" info="The electronvolt is the amount of kinetic energy gained by a single unbound electron when it passes through an electrostatic potential difference of one volt, in vacuum"/>
        <unit name="erg"              abbr="erg"       lf="1e-07"             cf="0" info="An erg is the unit of energy and mechanical work in the centimetre-gram-second (CGS) system of units. Its name is derived from the Greek word meaning 'work'. The erg is a quite small unit, equal to a force of one dyne exerted for a distance of one centimetre"/>
        <unit name="gigajoule"        abbr="GJ"        lf="1e+9"              cf="0" />
        <unit name="horsepower-hours" abbr="hph"       lf="2684520"           cf="0" />
        <unit name="joule"            abbr="J"         lf="1"                 cf="0" info="The joule is a derived unit defined as the work done or energy required, to exert a force of one newton for a distance of one metre, so the same quantity may be referred to as a newton metre or newton-metre with the symbol N·m. However, the newton metre is usually used as a measure of torque, not energy"/>
        <unit name="kilojoule"        abbr="kJ"        lf="1000"              cf="0" />
        <unit name="kilocalorie"      abbr="kcal"      lf="4184.0"            cf="0" />
        <unit name="watt-hour"        abbr="Wh"        lf="3600"              cf="0" info="One watt-hour is equivalent to one watt of power used for one hour. This is equivalent to 3,600 joules. For example, a sixty watt light bulb uses 60 watt-hours of energy every hour"/>
        <unit name="kilowatt-hour"    abbr="kWh"       lf="3600000"           cf="0" />
        <unit name="Megawatt-hour"    abbr="MWh"       lf="3600000000"        cf="0" />
        <unit name="Gigawatt-hour"    abbr="GWh"       lf="3600000000000"     cf="0" />
        <unit name="megajoule"        abbr="MJ"        lf="1e+6"              cf="0" />
    </dimension>

    <dimension name="Force">
        <unit name="dyne"                abbr="dyn"         lf="0.00001"                cf="0"  info="The dyne is a unit of force specified in the centimetre-gram-second (cgs) system of units. One dyne is equal to exactly 10-5 newtons. The dyne can be defined as 'the force required to accelerate a mass of one gram at a rate of one centimetre per second squared'"/>
        <unit name="gram-force"          abbr="gf"          lf="0.00980665"             cf="0"  />
        <unit name="joule/metre"         abbr="J m^-1"         lf="1"                      cf="0"  />
        <unit name="kg·m/s^2"             abbr="kg m s^-2"     lf="1"                      cf="0"  info="Same as 1 newton"/>
        <unit name="kilogram-force"      abbr="kgf"         lf="9.80665"                cf="0"  />
        <unit name="kilopond"            abbr="kp"          lf="9.80665"                cf="0"  info="The deprecated unit kilogram-force (kgf) or kilopond (kp) is defined as the force exerted by one kilogram of mass in standard Earth gravity. Although the gravitational pull of the Earth varies as a function of position on earth, it is here defined as exactly 9.80665 m/s^2. So one kilogram-force is by definition equal to 9.80665 newtons"/>
        <unit name="kilopound-force"     abbr="kipf"        lf="4448.2216152548"        cf="0"  />
        <unit name="lb·ft/s^2"            abbr="lb ft s^-2"    lf="0.138254954376"         cf="0"  info="Same as 1 poundal"/>
        <unit name="newton"              abbr="N"           lf="1"                      cf="0"  info="A newton is the amount of force required to accelerate a mass of one kilogram at a rate of one metre per second squared. In addition, 1N is the force of gravity on a small apple on Earth"/>
        <unit name="ounce-force"         abbr="ozf"         lf="0.27801385095342"       cf="0"  />
        <unit name="pond"                abbr="p"           lf="0.00980665"             cf="0"  />
        <unit name="pound-force"         abbr="lbf"         lf="4.448222"               cf="0"  info="The pound-force is a non-SI unit of force or weight. The pound-force is equal to a mass of one avoirdupois pound (which is currently defined as exactly 0.45359237 kilogram) multiplied by the standard acceleration due to gravity on Earth. (The pound-force is thus roughly the force exerted due to gravity by a mass of one pound at the surface of the Earth)"/>
        <unit name="poundal"             abbr="pdl"         lf="0.138254954376"         cf="0"  info="The poundal is a non-SI unit of force. It is a part of the absolute foot-pound-second system of units, a coherent subsystem of English units introduced in 1879, and one of several specialized subsystems of mechanical units used as aids in calculations. It is defined as 1 lb·ft/s^2"/>
        <unit name="tonne-force(metric)" abbr="tf"          lf="9806.65"                cf="0"  />
    </dimension>

    <dimension name="Mass">
        <unit name="carat"             abbr="carat"   lf="0.0002"               cf="0" info="The carat is a unit of mass used for gems, and equals 200 milligrams. The word derives from the Greek keration (fruit of the carob), via Arabic and Italian. Carob seeds were used as weights on precision scales because of their uniform weight. In the distant past, different countries each had their own carat, roughly equivalent to a carob seed"/>
        <unit name="gram"              abbr="g"       lf="0.001"                cf="0" />
        <unit name="kilogram"          abbr="kg"      lf="1"                    cf="0" info="The kilogram is the unit of mass equal to the mass of the international prototype of kilogram. [1st CGPM (1889), 3rd CGPM (1901)]. It is the only SI unit that is still defined in relation to an artifact rather than to a fundamental physical property that can be reproduced in different laboratories."/>
        <unit name="microgram"         abbr="µg"      lf="1e-09"                cf="0" />
        <unit name="milligram"         abbr="mg"      lf="1e-06"                cf="0" />
        <unit name="ounce"             abbr="oz"      lf="0.02835"              cf="0" info="International avoirdupois ounce (most common). The abbreviation ''oz'' comes from the old Italian word ''onza'' (now spelled oncia), meaning ounce."/>
        <unit name="pound"             abbr="lbm"     lf="0.45359237"           cf="0" info="The pound is the name of a number of units of mass, all in the range of 300 to 600 grams. Most commonly, it refers to the avoirdupois pound (454 g), divided into 16 avoirdupois ounces."/>
        <unit name="tonne"             abbr="t"       lf="1000"                 cf="0" />
    </dimension>

    <dimension name="Power">
        <unit name="BTU/hour"        abbr="BTU h^-1"      lf="0.29301067"  cf="0" />
        <unit name="BTU/minutes"     abbr="BTU min^-1"    lf="17.56863"    cf="0" />
        <unit name="BTU/seconds"     abbr="BTU s^-1"      lf="1055.056"    cf="0" />
        <unit name="calorie/seconds" abbr="cal s^-1"    lf="4.183076"    cf="0" />
        <unit name="gigawatt"        abbr="GW"       lf="1e+09"       cf="0" />
        <unit name="horsepower"      abbr="hp"       lf="745.69987158227022" cf="0" info="The mechanical horsepower is originally proposed by James Watt in 1782."/>
        <unit name="watt"            abbr="W"        lf="1"           cf="0" info="One watt is one joule of energy per second"/>
        <unit name="kilowatt"        abbr="kW"       lf="1000"        cf="0" />
        <unit name="megawatt"        abbr="MW"       lf="1e+06"       cf="0" />
        <unit name="gigawatt"        abbr="GW"       lf="1e+09"       cf="0" />
        <unit name="volt-ampere"     abbr="VA"       lf="1"           cf="0" info="A volt-ampere in electrical terms, means the amount of apparent power in an alternating current circuit equal to a current of one ampere at an emf of one volt. It is dimensionally equivalent to watts"/>
    </dimension>


    <dimension name="Pressure">
        <unit name="atmosphere"           abbr="atm"          lf="101325"         cf="0" info="an atmosphere (symbol: atm) or standard atmosphere is a unit of pressure roughly equal to the average atmospheric pressure at sea level on Earth. It is defined as 101.325 kPa and equal to the pressure under 760 mm of mercury" />
        <unit name="pascal"               abbr="Pa"           lf="1"              cf="0" info="The pascal is equivalent to one newton per square metre, and was used in SI under that name before the name pascal was adopted by the 14th CGPM in 1971. The same unit is also used for stress, Young's modulus, and tensile strength" />
        <unit name="bar"                  abbr="bar"          lf="100000"         cf="0" />
        <unit name="hectopascal"          abbr="hPa"          lf="100"            cf="0" />
        <unit name="iches of water"       abbr="inH2O"        lf="249.08891"      cf="0" />
        <unit name="inches of mercury"    abbr="inHg"         lf="3386.388"       cf="0" info="Inches of mercury is a non-SI unit for pressure. It is defined as the pressure exerted by a column of mercury of 1 inch in height at 0 °C at the standard acceleration of gravity. 1 inHg = 3386.389 pascals at 0 °C." />
        <unit name="kilopascal"           abbr="kPa"          lf="1000"           cf="0" />
        <unit name="metre of water"      abbr="mH2O"         lf="9806.65"        cf="0" />
        <unit name="microbar"             abbr="µbar"         lf="0.1"            cf="0" />
        <unit name="milibar"              abbr="mbar"         lf="100"            cf="0" />
        <unit name="millimetre of mercury"   abbr="mmHg"     lf="133.322"        cf="0" />
        <unit name="millimetre of water"     abbr="mmH2O"    lf="9.80665"        cf="0" />
        <unit name="lbf/in^2"              abbr="psi"          lf="6894.76"        cf="0" info="The pound-force per square inch (symbol: lbf/in^2) is a non-SI unit of pressure based on avoirdupois units. In casual English language use it is rendered as 'pounds per square inch', abbreviated to psi with little distinction between 'mass' and 'force'" />
        <unit name="technical atmosphere" abbr="at"           lf="98066.5"        cf="0" info="A technical atmosphere is a non-SI unit of pressure equal to 1 kilogram-force per square centimetre, i.e. 98.066 5 kilopascals (kPa) or about 0.96784 standard atmospheres"/>
        <unit name="torr"                 abbr="torr"         lf="133.322"        cf="0" info="The torr (symbol: Torr) or millimetre of mercury (mmHg) is a non-SI unit of pressure. It is the atmospheric pressure that supports a column of mercury 1 millimetre high"/>
    </dimension>

    <dimension name="Temperature">
        <unit name="Celsius"      abbr="°C"    lf="1"          cf="273.15"     info="The Celsius scale sets 0.01 °C to be at the triple point of water and a degree Celsius to be 1/273.16 of the difference in temperature between the triple point of water and absolute zero. Until 1954 the scale was defined with the freezing point of water at 0 °C and the boiling point at 100 °C at standard atmospheric pressure"/>
        <unit name="Delisle"      abbr="°De"   lf="-0.66666666666666666666666666666667"     cf="373.15"     info="The Delisle scale is a temperature scale invented in 1732 by the French astronomer Joseph-Nicolas Delisle (16881768). It is similar to that of Reaumur"/>
        <unit name="Electronvolt" abbr="eV"    lf="11605"      cf="0"          info="In some fields, plasma physics in particular, the electronvolt (eV) is used as a unit of 'temperature'"/>
        <unit name="Fahrenheit"   abbr="°F"    lf="0.55555555555555555555555555555556" cf="255.37222222222222222222222222222" info="In this scale, the freezing point of water is 32 degrees Fahrenheit (written as 32 °F), and the boiling point is 212 degrees, placing the boiling and melting points of water 180 degrees apart. Thus the unit of this scale, a degree Fahrenheit, is 5/9ths of a kelvin (which is a degree Celsius), and negative 40 degrees Fahrenheit is equal to negative 40 degrees Celsius"  />
        <unit name="Kelvin"       abbr="K"     lf="1"          cf="0"          info="The kelvin, unit of thermodynamic temperature is the fraction 1/273.16 of the thermodynamic temperature of the triple point of water. [13th CGPM (1967), Resolution 4]"/>
        <unit name="Rankine"      abbr="°Ra"   lf="0.55555555555555555555555555555556" cf="0"          info="Like Kelvin, Rankine zero is absolute zero, but Fahrenheit degrees are used. As a result, a difference of 1°R is equal to a difference of 1°F, but 0°R is 459.67°F"/>
        <unit name="Réaumur"      abbr="°Ré"   lf="1.25"       cf="273.15"     info="The freezing point of water is 0 degrees Réaumur, the boiling point 80 degrees Réaumur. Hence a degree Reaumur is 1.25 degrees Celsius or kelvins. The Réaumur temperature scale is also known as the octogesimal division (division octogesimale)"/>
        <unit name="Rømer"        abbr="°Rø"   lf="1.9047619047619047619047619047619"       cf="258.86428571428571428571428571429"     info="Rømer is a disused temperature scale named after the Danish astronomer Ole Christensen Rømer, who proposed it in 1701"/>
    </dimension>

    <dimension name="Volumetric flow rate">
        <unit name="cubic metres per second" abbr="m^3 s^-1"     lf="1" cf="0" info="SI unit for volumetric flow rate."/>
        <unit name="cubic metres per minute" abbr="m^3 min^-1"   lf="0.0166666667" cf="0" info=""/>
        <unit name="cubic metres per hour"   abbr="m^3 h^-1"     lf="0.000277777778" cf="0" info=""/>
        <unit name="cubic metres per day"    abbr="m^3 day^-1"   lf="1.15740741e-05" cf="0" info=""/>
        <unit name="cubic metres per month"  abbr="m^3 mon^-1"   lf="3.80265176e-7" cf="0" info=""/>
        <unit name="cubic hectometres per second" abbr="hm^3 s^-1"     lf="1e6" cf="0" info="SI unit for volumetric flow rate."/>
        <unit name="cubic hectometres per minute" abbr="hm^3 min^-1"   lf="16666.6667" cf="0" info=""/>
        <unit name="cubic hectometres per hour"   abbr="hm^3 h^-1"     lf="277.777778" cf="0" info=""/>
        <unit name="cubic hectometres per day"    abbr="hm^3 day^-1"   lf="11.5740741" cf="0" info=""/>
        <unit name="cubic hectometres per month"  abbr="hm^3 mon^-1"   lf="0.380265176" cf="0" info=""/>
        <unit name="cubic foot per second"   abbr="ft^3 s^-1"    lf="0.0283168466" cf="0" info=""/>
        <unit name="cubic foot per minute"   abbr="ft^3 min^-1"  lf="0.000471947443" cf="0" info=""/>
        <unit name="cubic foot per hour"     abbr="ft^3 h^-1"    lf="7.86579072e-06" cf="0" info=""/>
        <unit name="cubic foot per day"      abbr="ft^3 day^-1"  lf="3.2774128e-07" cf="0" info=""/>
        <unit name="cubic foot per month"    abbr="ft^3 mon^-1"  lf="1.07679106e-08" cf="0" info=""/>
        <unit name="gallons per second"      abbr="gal s^-1"     lf="0.00378541178" cf="0" info=""/>
        <unit name="gallons per minute"      abbr="gal min^-1"   lf="6.30901964e-05" cf="0" info=""/>
        <unit name="gallons per hour"        abbr="gal h^-1"     lf="1.05150327e-06" cf="0" info=""/>
        <unit name="gallons per day"         abbr="gal day^-1"   lf="4.38126364e-08" cf="0" info=""/>
        <unit name="gallons per month"       abbr="gal mon^-1"   lf="1.43946028e-09" cf="0" info=""/>
        <unit name="acre-foot per second"    abbr="ac-ft s^-1"   lf="1233.48184" cf="0" info=""/>
        <unit name="acre-foot per minute"    abbr="ac-ft min^-1" lf="20.5580306" cf="0" info=""/>
        <unit name="acre-foot per hour"      abbr="ac-ft h^-1"   lf="0.342633844" cf="0" info=""/>
        <unit name="acre-foot per day"       abbr="ac-ft day^-1" lf="0.0142764102" cf="0" info=""/>
        <unit name="acre-foot per month"     abbr="ac-ft mon^-1" lf="0.000469050188" cf="0" info=""/>
        <unit name="acre-inch per second"    abbr="ac-in s^-1"   lf="102.790153" cf="0" info=""/>
        <unit name="acre-inch per minute"    abbr="ac-in min^-1" lf="1.71316922" cf="0" info=""/>
        <unit name="acre-inch per hour"      abbr="ac-in h^-1"   lf="0.0285528203" cf="0" info=""/>
        <unit name="acre-inch per day"       abbr="ac-in day^-1" lf="0.00118970085" cf="0" info=""/>
        <unit name="acre-inch per month"     abbr="ac-in mon^-1" lf="3.90875157e-05" cf="0" info=""/>
        <unit name="litre per second"    abbr="l s^-1"   lf="0.001"          cf="0" info=""/>
        <unit name="litre per minute"    abbr="l min^-1" lf="1.66666667e-05" cf="0" info=""/>
        <unit name="litre per hour"      abbr="l h^-1"   lf="2.77777778e-07" cf="0" info=""/>
        <unit name="litre per day"       abbr="l day^-1" lf="1.15740741e-08" cf="0" info=""/>
        <unit name="litre per month"     abbr="l mon^-1" lf="3.80265176e-10" cf="0" info=""/>
        <unit name="megalitre per second"    abbr="Ml s^-1"   lf="1000"           cf="0" info=""/>
        <unit name="megalitre per minute"    abbr="Ml min^-1" lf="1.66666667" cf="0" info=""/>
        <unit name="megalitre per hour"      abbr="Ml h^-1"   lf="2.77777778e-01" cf="0" info=""/>
        <unit name="megalitre per day"       abbr="Ml day^-1" lf="1.15740741e-02" cf="0" info=""/>
        <unit name="megalitre per month"     abbr="Ml mon^-1" lf="3.80265176e-04" cf="0" info=""/>
    </dimension>
    <dimension name="Mass flow rate">
        <unit name="kilograms per second" abbr="kg s^-1"   lf="1.0"            cf="0.0" info=""/>
        <unit name="kilograms per minute" abbr="kg min^-1" lf="0.0166666667"   cf="0.0" info=""/>
        <unit name="kilograms per hour"   abbr="kg h^-1"     lf="0.000277777778" cf="0.0" info=""/>
        <unit name="kilograms per day"    abbr="kg day^-1"    lf="1.15740741e-05" cf="0.0" info=""/>
        <unit name="kilograms per month"  abbr="kg mon^-1"  lf="3.80265176e-07" cf="0.0" info=""/>
        <unit name="kilograms per year"   abbr="kg yr^-1"    lf="3.16887646e-08" cf="0.0" info=""/>
        <unit name="grams per second"     abbr="g s^-1"  lf="0.001" cf="0.0" info=""/>
        <unit name="tonnes per second"    abbr="t s^-1"   lf="1000.0"         cf="0.0" info=""/>
        <unit name="tonnes per minute"    abbr="t min^-1" lf="16.66666666667"   cf="0.0" info=""/>
        <unit name="tonnes per hour"      abbr="t h^-1"     lf="0.277777777778" cf="0.0" info=""/>
        <unit name="tonnes per day"       abbr="t day^-1"    lf="1.15740741e-02" cf="0.0" info=""/>
        <unit name="tonnes per month"     abbr="t mon^-1"  lf="3.80265176e-04" cf="0.0" info=""/>
        <unit name="tonnes per year"      abbr="t yr^-1"    lf="3.16887646e-05" cf="0.0" info=""/>
    </dimension>
    <dimension name="Density">
        <unit name="kilograms per cubic-metre" abbr="kg m^-3" lf="1.0" cf="0.0" info=""/>
		<unit name="kilograms per megalitre" abbr="kg Ml^-1" lf="0.0001" cf="0.0" info=""/>
    </dimension>
    <dimension name="Monetary value">
		<unit abbr="USD" cf="0" info="" lf="1.0" name="US Dollar"/>
        <unit abbr="GBP" cf="0" info="" lf="0.66" name="Pound Sterling"/>
    </dimension>
    <dimension name="Energy price">
        <unit name="USDollars per kilowatt-hour" abbr="USD kWh^-1"    lf="2.77777777e-07" cf="0" info="Cost in US Dollars per energy unit (kilowatt-hour)."/>
        <unit name="USDollars per kilojoule" abbr="USD kJ^-1"    lf="0.001" cf="0" info="Cost in US Dollars per energy unit (kilojoule)."/>
        <unit name="USDollars per joule" abbr="USD J^-1"    lf="1" cf="0" info="Cost in US Dollars per energy unit (joule)."/>
    </dimension>
    <dimension name="Unit price (volume)">
        <unit name="US Dollar per cubic metre" abbr="USD m^-3"     lf="1.0" cf="0.0" info=""/>
		<unit name="US Dollar per megalitre" abbr="USD Ml^-1"     lf="0.0001" cf="0.0" info=""/>
        <unit name="US Dollar per acre-foot"    abbr="USD ac-ft^-1" lf="0.000810713194" cf="0.0" info=""/>
		<unit name="Pound Sterling per cubic metre" abbr="GBP m^-3"     lf="0" cf="0.66" info=""/>
		<unit name="Pound Sterling per megalitre" abbr="GBP Ml^-1"     lf="0" cf="0.000066" info=""/>
    </dimension>
    <dimension name="Unit price (mass)">
        <unit name="US Dollar per kilogram" abbr="USD kg^-1" lf="1.0" cf="0.0" info=""/>
        <unit name="Pounds Sterling per kilogram" abbr="GBP kg^-1" lf="0.66" cf="0.66" info=""/>
        <unit name="US Dollar per tonne" abbr="USD t^-1" lf="0.001" cf="0.0" info=""/>
        <unit name="Pounds Sterling per tonne" abbr="GBP t^-1" lf="0.00066" cf="0.66" info=""/>
    </dimension>
    <dimension name="Specific cost (time)">
        <unit name="US Dollar per second" abbr="USD s^-1"    lf="1.0" cf="0.0" info=""/>
        <unit name="US Dollar per minute" abbr="USD min^-1"  lf="0.0166666667"   cf="0.0" info=""/>
        <unit name="US Dollar per hour"   abbr="USD h^-1"    lf="0.000277777778" cf="0.0" info=""/>
        <unit name="US Dollar per day"    abbr="USD day^-1"  lf="1.15740741e-05" cf="0.0" info=""/>
        <unit name="US Dollar per month"  abbr="USD mon^-1"  lf="3.80265176e-07" cf="0.0" info=""/>
        <unit name="US Dollar per year"   abbr="USD yr^-1"   lf="3.16887646e-08" cf="0.0" info=""/>
        <unit name="Pound Sterling per second" abbr="GBP s^-1"    lf="0.66" cf="0.0" info=""/>
        <unit name="Pound Sterling per minute" abbr="GBP min^-1"  lf="0.011"   cf="0.0" info=""/>
        <unit name="Pound Sterling per hour"   abbr="GBP h^-1"    lf="1.83333e-04" cf="0.0" info=""/>
        <unit name="Pound Sterling per day"    abbr="GBP day^-1"  lf="7.639e-06" cf="0.0" info=""/>
        <unit name="Pound Sterling per month"  abbr="GBP mon^-1"  lf="2.50975e-07" cf="0.0" info=""/>
        <unit name="Pound Sterling per year"   abbr="GBP yr^-1"   lf="2.091458464e-08" cf="0.0" info=""/>
    </dimension>
    <dimension name="dimensionless">
		<unit abbr="date" cf="0" info="" lf="1" name="No unit"/>
        <unit abbr="-" cf="0" info="" lf="1" name="No unit"/>
        <unit abbr="%" cf="0" info="" lf="0.01" name="Percent"/>
    </dimension>
</UNITS>
