<?xml version="1.0"?>
<template_definition>
<template_name>Water Allocation Demo</template_name>
<layout>	    
        <item>
            <name>grouping</name>
            <value>			    
			    <name>Water Allocation Demo</name>
				<description>Water Allocation Demo</description>
				<categories>
				    <category>
						<name>Nodes</name>
						<description>Nodes</description>
						<displayname>Nodes</displayname>
						<groups>
							<group>
								<name>river_reservoir</name>
								<description>River Reservoir</description>
								<displayname>River Reservoir</displayname>
								<image>images\reservoir.png</image>
							</group>
							<group>
								<name>service_reservoir</name>
								<description>Service Reservoir</description>
								<displayname>Service Reservoir</displayname>
								<image>images\service_reservoir.png</image>
							</group>
                            <group>
								<name>urban</name>
								<description>Urban</description>
								<displayname>Urban</displayname>
								<image>images\urban.png</image>
							</group>
                            <group>
								<name>agricultural</name>
								<description>Agricultural</description>
								<displayname>Agricultural</displayname>
								<image>images\agricultural.png</image>
							</group>
                            <group>
								<name>junction</name>
								<description>Junction</description>
								<displayname>Junction</displayname>
								<image>images\junction.png</image>
							</group>
                            <group>
								<name>discharge</name>
								<description>discharge</description>
								<displayname>discharge</displayname>
								<image>images\discharge.png</image>
                            </group>
							<group>
								<name>water_treatment</name>
								<description>Water Treatment Plant</description>
								<displayname>Water TP</displayname>
								<image>images\water_treatment.png</image>
                            </group>
                            <group>
								<name>hydropower</name>
								<description>Hydropower Plant</description>
								<displayname>Hydropower Plant</displayname>
								<image>images\hydropower.png</image>
                            </group>
                            <group>
								<name>groundwater</name>
								<description>Groundwater</description>
								<displayname>Groundwater</displayname>
								<image>images\groundwater.png</image>
                            </group>
                            <group>
								<name>desalination</name>
								<description>Desalination Plant</description>
								<displayname>Desalination Plant</displayname>
								<image>images\desalination.png</image>
                            </group>
                        </groups>
                    </category>
                    <category>
                            <name>Links</name>
                            <description>Links</description>
                            <displayname>Links</displayname>
                        <groups>
                            <group>
								<name>pipe</name>
								<description>Pipe</description>
								<displayname>Pipe</displayname>		
								<image>images\RedSolidLine16.png</image>
                            </group>
                            <group>
								<name>river</name>
								<description>River</description>
								<displayname>River</displayname>		
								<image>images\BlackSolidLine16.png</image>
							</group>

						</groups>
				    </category>	
				</categories>
            </value>
        </item>
    </layout>
	
<resources>
    <resource>
        <type>NETWORK</type>
        <name>tutorial_network</name>
        <attribute>
            <name>objective_function</name>
            <dimension></dimension>
            <is_var>Y</is_var>
			<data_type>scalar</data_type>
        </attribute>
		<attribute>
            <name>unit_price</name>
            <dimension>Energy price</dimension>
			<unit>GBP kWh^-1</unit>
            <is_var>N</is_var>
            <data_type>scalar</data_type>
        </attribute>
    </resource>
  
    <resource>
        <type>NODE</type>
        <name>desalination</name>
        <layout>
            <item>
                <name>image</name>
                <value>images\desalination.png</value>
            </item>
            <item>
                <name>group</name>
                <value>desalination</value>
            </item>
        </layout>

        <attribute>
            <name>received_water</name>
            <dimension>Volumetric flow rate</dimension>
			<unit>1e6 m^3 mon^-1</unit>
            <is_var>Y</is_var>
            <data_type>timeseries</data_type>
        </attribute>
        <attribute>
            <name>released_water</name>
            <dimension>Volumetric flow rate</dimension>
			<unit>1e6 m^3 mon^-1</unit>
            <is_var>Y</is_var>
            <data_type>timeseries</data_type>
        </attribute>
        <attribute>
            <name>inflow</name>
            <dimension>Volumetric flow rate</dimension>
			<unit>1e6 m^3 mon^-1</unit>
            <is_var>N</is_var>
            <data_type>timeseries</data_type>
			<restrictions>
				<restriction>
					<type>EQUALTIMESTEPS</type>
				</restriction>
				<restriction>
					<type>DATERANGE</type>
					<value>
						<item>2020-01-01 00:00:00.0</item>
						<item>2020-09-01 00:00:00.0</item>
					</value>
				</restriction>
			</restrictions>
        </attribute>
        <attribute>
            <name>min_storage</name>
            <dimension>Volume</dimension>
			<unit>1e6 m^3</unit>
            <is_var>N</is_var>
            <data_type>timeseries</data_type>
			<restrictions>
				<restriction>
					<type>EQUALTIMESTEPS</type>
				</restriction>
				<restriction>
					<type>DATERANGE</type>
					<value>
						<item>2020-01-01 00:00:00.0</item>
						<item>2020-09-01 00:00:00.0</item>
					</value>
				</restriction>
			</restrictions>
        </attribute>
        <attribute>
            <name>max_storage</name>
            <dimension>Volume</dimension>
			<unit>1e6 m^3</unit>
            <is_var>N</is_var>
            <data_type>timeseries</data_type>
			<restrictions>
				<restriction>
					<type>EQUALTIMESTEPS</type>
				</restriction>
				<restriction>
					<type>DATERANGE</type>
					<value>
						<item>2020-01-01 00:00:00.0</item>
						<item>2020-09-01 00:00:00.0</item>
					</value>
				</restriction>
			</restrictions>
        </attribute>
        <attribute>
            <name>initial_storage</name>
            <dimension>Volume</dimension>
			<unit>1e6 m^3</unit>
            <is_var>N</is_var>
			<data_type>scalar</data_type>
        </attribute>
        <attribute>
            <name>storage</name>
            <dimension>Volume</dimension>
			<unit>1e6 m^3</unit>
            <is_var>Y</is_var>
	    <data_type>timeseries</data_type>
        </attribute>
    </resource>
    <resource>
        <type>NODE</type>
        <name>river_reservoir</name>
        <layout>
            <item>
                <name>image</name>
                <value>images\reservoir.png</value>
            </item>
            <item>
                <name>group</name>
                <value>river_reservoir</value>
            </item>
        </layout>

        <attribute>
            <name>received_water</name>
            <dimension>Volumetric flow rate</dimension>
			<unit>1e6 m^3 mon^-1</unit>
            <is_var>Y</is_var>
            <data_type>timeseries</data_type>
        </attribute>
        <attribute>
            <name>released_water</name>
            <dimension>Volumetric flow rate</dimension>
			<unit>1e6 m^3 mon^-1</unit>
            <is_var>Y</is_var>
            <data_type>timeseries</data_type>
        </attribute>
        <attribute>
            <name>inflow</name>
            <dimension>Volumetric flow rate</dimension>
			<unit>1e6 m^3 mon^-1</unit>
            <is_var>N</is_var>
            <data_type>timeseries</data_type>
			<restrictions>
				<restriction>
					<type>EQUALTIMESTEPS</type>
				</restriction>
				<restriction>
					<type>DATERANGE</type>
					<value>
						<item>2020-01-01 00:00:00.0</item>
						<item>2020-09-01 00:00:00.0</item>
					</value>
				</restriction>
			</restrictions>
        </attribute>
        <attribute>
            <name>min_storage</name>
            <dimension>Volume</dimension>
			<unit>1e6 m^3</unit>
            <is_var>N</is_var>
			<data_type>timeseries</data_type>
			<restrictions>
				<restriction>
					<type>EQUALTIMESTEPS</type>
				</restriction>
				<restriction>
					<type>DATERANGE</type>
					<value>
						<item>2020-01-01 00:00:00.0</item>
						<item>2020-09-01 00:00:00.0</item>
					</value>
				</restriction>
			</restrictions>
        </attribute>
        <attribute>
            <name>max_storage</name>
            <dimension>Volume</dimension>
			<unit>1e6 m^3</unit>
            <is_var>N</is_var>
			<data_type>timeseries</data_type>
			<restrictions>
				<restriction>
					<type>EQUALTIMESTEPS</type>
				</restriction>
				<restriction>
					<type>DATERANGE</type>
					<value>
						<item>2020-01-01 00:00:00.0</item>
						<item>2020-09-01 00:00:00.0</item>
					</value>
				</restriction>
			</restrictions>
        </attribute>
        <attribute>
            <name>initial_storage</name>
            <dimension>Volume</dimension>
			<unit>1e6 m^3</unit>
            <is_var>N</is_var>
			<data_type>scalar</data_type>
			<restrictions>
				<restriction>
					<type>NOTEQUALTO</type>
					<value>0</value>
				</restriction>
			</restrictions>
        </attribute>
        <attribute>
            <name>storage</name>
            <dimension>Volume</dimension>
            <is_var>Y</is_var>
			<data_type>timeseries</data_type>
        </attribute>
    </resource>
	    <resource>
        <type>NODE</type>
        <name>service_reservoir</name>
        <layout>
            <item>
                <name>image</name>
                <value>images\service_reservoir.png</value>
            </item>
            <item>
                <name>group</name>
                <value>service_reservoir</value>
            </item>
        </layout>

        <attribute>
            <name>received_water</name>
            <dimension>Volumetric flow rate</dimension>
			<unit>1e6 m^3 mon^-1</unit>
            <is_var>Y</is_var>
            <data_type>timeseries</data_type>
        </attribute>
        <attribute>
            <name>released_water</name>
            <dimension>Volumetric flow rate</dimension>
            <is_var>Y</is_var>
            <data_type>timeseries</data_type>
        </attribute>
        <attribute>
            <name>min_storage</name>
            <dimension>Volume</dimension>
			<unit>1e6 m^3</unit>
            <is_var>N</is_var>
			<data_type>timeseries</data_type>
			<restrictions>
				<restriction>
					<type>EQUALTIMESTEPS</type>
				</restriction>
				<restriction>
					<type>DATERANGE</type>
					<value>
						<item>2020-01-01 00:00:00.0</item>
						<item>2020-09-01 00:00:00.0</item>
					</value>
				</restriction>
			</restrictions>
        </attribute>
        <attribute>
            <name>max_storage</name>
            <dimension>Volume</dimension>
			<unit>1e6 m^3</unit>
            <is_var>N</is_var>
			<data_type>timeseries</data_type>
			<restrictions>
				<restriction>
					<type>EQUALTIMESTEPS</type>
				</restriction>
				<restriction>
					<type>DATERANGE</type>
					<value>
						<item>2020-01-01 00:00:00.0</item>
						<item>2020-09-01 00:00:00.0</item>
					</value>
				</restriction>
			</restrictions>
        </attribute>
        <attribute>
            <name>initial_storage</name>
            <dimension>Volume</dimension>
			<unit>1e6 m^3</unit>
            <is_var>N</is_var>
			<data_type>scalar</data_type>
			<restrictions>
				<restriction>
					<type>NOTEQUALTO</type>
					<value>0</value>
				</restriction>
			</restrictions>
        </attribute>
        <attribute>
            <name>storage</name>
            <dimension>Volume</dimension>
			<unit>1e6 m^3</unit>
            <is_var>Y</is_var>
			<data_type>timeseries</data_type>
        </attribute>
    </resource>
    <resource>
        <type>NODE</type>
        <name>groundwater</name>
        <layout>
            <item>
                <name>image</name>
                <value>images\groundwater.png</value>
            </item>
            <item>
                <name>group</name>
                <value>groundwater</value>
            </item>
        </layout>

        <attribute>
            <name>received_water</name>
            <dimension>Volumetric flow rate</dimension>
			<unit>1e6 m^3 mon^-1</unit>
            <is_var>Y</is_var>
            <data_type>timeseries</data_type>
        </attribute>
        <attribute>
            <name>released_water</name>
            <dimension>Volumetric flow rate</dimension>
			<unit>1e6 m^3 mon^-1</unit>
            <is_var>Y</is_var>
            <data_type>timeseries</data_type>
        </attribute>
        <attribute>
            <name>inflow</name>
            <dimension>Volumetric flow rate</dimension>
			<unit>1e6 m^3 mon^-1</unit>
            <is_var>N</is_var>
            <data_type>timeseries</data_type>
			<restrictions>
				<restriction>
					<type>EQUALTIMESTEPS</type>
				</restriction>
				<restriction>
					<type>DATERANGE</type>
					<value>
						<item>2020-01-01 00:00:00.0</item>
						<item>2020-09-01 00:00:00.0</item>
					</value>
				</restriction>
			</restrictions>
        </attribute>
        <attribute>
            <name>min_storage</name>
            <dimension>Volume</dimension>
			<unit>1e6 m^3</unit>
            <is_var>N</is_var>
            <data_type>timeseries</data_type>
			<restrictions>
				<restriction>
					<type>EQUALTIMESTEPS</type>
				</restriction>
				<restriction>
					<type>DATERANGE</type>
					<value>
						<item>2020-01-01 00:00:00.0</item>
						<item>2020-09-01 00:00:00.0</item>
					</value>
				</restriction>
			</restrictions>
        </attribute>
        <attribute>
            <name>max_storage</name>
            <dimension>Volume</dimension>
			<unit>1e6 m^3</unit>
            <is_var>N</is_var>
            <data_type>timeseries</data_type>
			<restrictions>
				<restriction>
					<type>EQUALTIMESTEPS</type>
				</restriction>
				<restriction>
					<type>DATERANGE</type>
					<value>
						<item>2020-01-01 00:00:00.0</item>
						<item>2020-09-01 00:00:00.0</item>
					</value>
				</restriction>
			</restrictions>
        </attribute>
        <attribute>
            <name>initial_storage</name>
            <dimension>Volume</dimension>
			<unit>1e6 m^3</unit>
            <is_var>N</is_var>
			<data_type>scalar</data_type>
			<restrictions>
				<restriction>
					<type>NOTEQUALTO</type>
					<value>0</value>
				</restriction>
			</restrictions>
        </attribute>
        <attribute>
            <name>storage</name>
            <dimension>Volume</dimension>
			<unit>1e6 m^3</unit>
            <is_var>Y</is_var>
            <data_type>timeseries</data_type>
        </attribute>
    </resource>

	<resource>
        <type>NODE</type>
        <name>water_treatment</name>
        <layout>
            <item>
                <name>image</name>
                <value>images\water_treatment.png</value>
            </item>
            <item>
                <name>group</name>
                <value>water_treatment</value>
            </item>
        </layout>
		<attribute>
            <name>percent_loss</name>
            <dimension>Dimensionless</dimension>
            <is_var>N</is_var>
            <data_type>scalar</data_type>
			<restrictions>
				<restriction>
					<type>LESSTHANEQ</type>
					<value>1</value>
				</restriction>
				<restriction>
					<type>GREATERTHAN</type>
					<value>0</value>
				</restriction>
			</restrictions>
        </attribute>
		<attribute>
            <name>min_storage</name>
            <dimension>Volume</dimension>
			<unit>1e6 m^3</unit>
            <is_var>N</is_var>
            <data_type>timeseries</data_type>
			<restrictions>
				<restriction>
					<type>EQUALTIMESTEPS</type>
				</restriction>
				<restriction>
					<type>DATERANGE</type>
					<value>
						<item>2020-01-01 00:00:00.0</item>
						<item>2020-09-01 00:00:00.0</item>
					</value>
				</restriction>
			</restrictions>
        </attribute>
        <attribute>
            <name>max_storage</name>
            <dimension>Volume</dimension>
			<unit>1e6 m^3</unit>
            <is_var>N</is_var>
            <data_type>timeseries</data_type>
			<restrictions>
				<restriction>
					<type>EQUALTIMESTEPS</type>
				</restriction>
				<restriction>
					<type>DATERANGE</type>
					<value>
						<item>2020-01-01 00:00:00.0</item>
						<item>2020-09-01 00:00:00.0</item>
					</value>
				</restriction>
			</restrictions>
        </attribute>
        <attribute>
            <name>received_water</name>
            <dimension>Volumetric flow rate</dimension>
			<unit>1e6 m^3 mon^-1</unit>
            <is_var>Y</is_var>
            <data_type>timeseries</data_type>
        </attribute>
        <attribute>
            <name>released_water</name>
            <dimension>Volumetric flow rate</dimension>
			<unit>1e6 m^3 mon^-1</unit>
            <is_var>Y</is_var>
            <data_type>timeseries</data_type>
        </attribute>
    </resource>
    <resource>
        <type>NODE</type>
        <name>hydropower</name>
        <layout>
            <item>
                <name>image</name>
                <value>images\hydropower.png</value>
            </item>
            <item>
                <name>group</name>
                <value>hydropower</value>
            </item>
        </layout>
		<attribute>
            <name>percent_loss</name>
            <dimension>Dimensionless</dimension>
            <is_var>N</is_var>
            <data_type>scalar</data_type>
			<restrictions>
				<restriction>
					<type>LESSTHANEQ</type>
					<value>1</value>
				</restriction>
				<restriction>
					<type>GREATERTHAN</type>
					<value>0</value>
				</restriction>
			</restrictions>
        </attribute>
		<attribute>
            <name>min_storage</name>
            <dimension>Volume</dimension>
			<unit>1e6 m^3</unit>
            <is_var>N</is_var>
            <data_type>timeseries</data_type>
			<restrictions>
				<restriction>
					<type>EQUALTIMESTEPS</type>
				</restriction>
				<restriction>
					<type>DATERANGE</type>
					<value>
						<item>2020-01-01 00:00:00.0</item>
						<item>2020-09-01 00:00:00.0</item>
					</value>
				</restriction>
			</restrictions>
        </attribute>
        <attribute>
            <name>max_storage</name>
            <dimension>Volume</dimension>
			<unit>1e6 m^3</unit>
            <is_var>N</is_var>
            <data_type>timeseries</data_type>
			<restrictions>
				<restriction>
					<type>EQUALTIMESTEPS</type>
				</restriction>
				<restriction>
					<type>DATERANGE</type>
					<value>
						<item>2020-01-01 00:00:00.0</item>
						<item>2020-09-01 00:00:00.0</item>
					</value>
				</restriction>
			</restrictions>
        </attribute>
		<attribute>
            <name>net_head</name>
            <dimension>Length</dimension>
			<unit>m</unit>
            <is_var>N</is_var>
            <data_type>scalar</data_type>
        </attribute>
		<attribute>
            <name>revenue</name>
            <dimension>Specific cost (time)</dimension>
			<unit>GBP mon^-1</unit>
            <is_var>Y</is_var>
            <data_type>timeseries</data_type>
        </attribute>
        <attribute>
            <name>received_water</name>
            <dimension>Volumetric flow rate</dimension>
			<unit>1e6 m^3 mon^-1</unit>
            <is_var>Y</is_var>
            <data_type>timeseries</data_type>
        </attribute>
        <attribute>
            <name>released_water</name>
            <dimension>Volumetric flow rate</dimension>
			<unit>1e6 m^3 mon^-1</unit>
            <is_var>Y</is_var>
            <data_type>timeseries</data_type>
        </attribute>
    </resource>
    <resource>
        <type>NODE</type>
        <name>junction</name>
        <layout>
            <item>
                <name>image</name>
                <value>images\junction.png</value>
            </item>
            <item>
                <name>group</name>
                <value>junction</value>
            </item>
        </layout>

        <attribute>
            <name>received_water</name>
            <dimension>Volumetric flow rate</dimension>
			<unit>1e6 m^3 mon^-1</unit>
            <is_var>Y</is_var>
            <data_type>timeseries</data_type>
        </attribute>
        <attribute>
            <name>released_water</name>
            <dimension>Volumetric flow rate</dimension>
			<unit>1e6 m^3 mon^-1</unit>
            <is_var>Y</is_var>
            <data_type>timeseries</data_type>
        </attribute>
    </resource>
    <resource>
        <type>NODE</type>
        <name>discharge</name>
        <layout>
            <item>
                <name>image</name>
                <value>images\discharge.png</value>
            </item>
            <item>
                <name>group</name>
                <value>discharge</value>
            </item>
        </layout>
        <attribute>
            <name>received_water</name>
            <dimension>Volumetric flow rate</dimension>
			<unit>1e6 m^3 mon^-1</unit>
            <is_var>Y</is_var>
            <data_type>timeseries</data_type>
        </attribute>
        <attribute>
            <name>released_water</name>
            <dimension>Volumetric flow rate</dimension>
			<unit>1e6 m^3 mon^-1</unit>
            <is_var>Y</is_var>
            <data_type>timeseries</data_type>
        </attribute>
        <attribute>
            <name>priority</name>
            <dimension>Dimensionless</dimension>
            <is_var>N</is_var>
            <data_type>timeseries</data_type>
			<restrictions>
				<restriction>
					<type>EQUALTIMESTEPS</type>
				</restriction>
				<restriction>
					<type>DATERANGE</type>
					<value>
						<item>2020-01-01 00:00:00.0</item>
						<item>2020-09-01 00:00:00.0</item>
					</value>
				</restriction>
			</restrictions>
        </attribute>
        <attribute>
            <name>demand</name>
            <dimension>Volume</dimension>
			<unit>1e6 m^3</unit>
            <is_var>N</is_var>
            <data_type>timeseries</data_type>
			<restrictions>
				<restriction>
					<type>EQUALTIMESTEPS</type>
				</restriction>
				<restriction>
					<type>DATERANGE</type>
					<value>
						<item>2020-01-01 00:00:00.0</item>
						<item>2020-09-01 00:00:00.0</item>
					</value>
				</restriction>
			</restrictions>
        </attribute>
		<attribute>
            <name>percent_demand_met</name>
            <dimension>Dimensionless</dimension>
            <is_var>Y</is_var>
            <data_type>timeseries</data_type>
        </attribute>
		<attribute>
            <name>demand_met</name>
            <dimension>Volume</dimension>
			<unit>1e6 m^3</unit>
            <is_var>Y</is_var>
            <data_type>timeseries</data_type>
        </attribute>
    </resource>
    <resource>
        <type>NODE</type>
        <name>urban</name>
        <layout>
            <item>
                <name>image</name>
                <value>images\urban.png</value>
            </item>
            <item>
                <name>group</name>
                <value>urban</value>
            </item>
        </layout>

        <attribute>
            <name>received_water</name>
            <dimension>Volumetric flow rate</dimension>
			<unit>1e6 m^3 mon^-1</unit>
            <is_var>Y</is_var>
            <data_type>timeseries</data_type>
        </attribute>
        <attribute>
            <name>released_water</name>
            <dimension>Volumetric flow rate</dimension>
			<unit>1e6 m^3 mon^-1</unit>
            <is_var>Y</is_var>
            <data_type>timeseries</data_type>
        </attribute>
        <attribute>
            <name>priority</name>
            <dimension>Dimensionless</dimension>
            <is_var>N</is_var>
            <data_type>timeseries</data_type>
			<restrictions>
				<restriction>
					<type>EQUALTIMESTEPS</type>
				</restriction>
				<restriction>
					<type>DATERANGE</type>
					<value>
						<item>2020-01-01 00:00:00.0</item>
						<item>2020-09-01 00:00:00.0</item>
					</value>
				</restriction>
			</restrictions>
        </attribute>
        <attribute>
            <name>demand</name>
            <dimension>Volume</dimension>
			<unit>1e6 m^3</unit>
            <is_var>N</is_var>
            <data_type>timeseries</data_type>
			<restrictions>
				<restriction>
					<type>EQUALTIMESTEPS</type>
				</restriction>
				<restriction>
					<type>DATERANGE</type>
					<value>
						<item>2020-01-01 00:00:00.0</item>
						<item>2020-09-01 00:00:00.0</item>
					</value>
				</restriction>
			</restrictions>
        </attribute>
		<attribute>
            <name>percent_demand_met</name>
            <dimension>Dimensionless</dimension>
            <is_var>Y</is_var>
            <data_type>timeseries</data_type>
        </attribute>
		<attribute>
            <name>demand_met</name>
            <dimension>Volume</dimension>
			<unit>1e6 m^3</unit>
            <is_var>Y</is_var>
            <data_type>timeseries</data_type>
        </attribute>
    </resource>
    <resource>
        <type>NODE</type>
        <name>agricultural</name>
        <layout>
            <item>
                <name>image</name>
                <value>images\agricultural.png</value>
            </item>
            <item>
                <name>group</name>
                <value>agricultural</value>
            </item>
        </layout>

        <attribute>
            <name>received_water</name>
            <dimension>Volumetric flow rate</dimension>
			<unit>1e6 m^3 mon^-1</unit>
            <is_var>Y</is_var>
            <data_type>timeseries</data_type>
        </attribute>
        <attribute>
            <name>released_water</name>
            <dimension>Volumetric flow rate</dimension>
			<unit>1e6 m^3 mon^-1</unit>
            <is_var>Y</is_var>
            <data_type>timeseries</data_type>
        </attribute>
        <attribute>
            <name>priority</name>
            <dimension>Dimensionless</dimension>
            <is_var>N</is_var>
            <data_type>timeseries</data_type>
			<restrictions>
				<restriction>
					<type>EQUALTIMESTEPS</type>
				</restriction>
				<restriction>
					<type>DATERANGE</type>
					<value>
						<item>2020-01-01 00:00:00.0</item>
						<item>2020-09-01 00:00:00.0</item>
					</value>
				</restriction>
			</restrictions>
        </attribute>
        <attribute>
            <name>demand</name>
            <dimension>Volume</dimension>
			<unit>1e6 m^3</unit>
            <is_var>N</is_var>
            <data_type>timeseries</data_type>
			<restrictions>
				<restriction>
					<type>EQUALTIMESTEPS</type>
				</restriction>
				<restriction>
					<type>DATERANGE</type>
					<value>
						<item>2020-01-01 00:00:00.0</item>
						<item>2020-09-01 00:00:00.0</item>
					</value>
				</restriction>
			</restrictions>
        </attribute>
		<attribute>
            <name>percent_demand_met</name>
            <dimension>Dimensionless</dimension>
            <is_var>Y</is_var>
            <data_type>timeseries</data_type>
        </attribute>
		<attribute>
            <name>demand_met</name>
            <dimension>Volume</dimension>
            <is_var>Y</is_var>
            <data_type>timeseries</data_type>
        </attribute>
    </resource>
    <resource>
        <type>LINK</type>
        <name>river</name>
        <layout>
            <item>
                <name>image</name>
                <value>images\BlackSolidLine16.png</value>
            </item>
			<item>
					<name>symbol</name>
					<value>solid</value>
				</item>
				<item>
					<name>colour</name>
					<value>black</value>
				</item>
				<item>
					<name>line_weight</name>
					<value>1</value>
				</item>
            <item>
                <name>group</name>
                <value>river</value>
            </item>
        </layout>
        <attribute>
            <name>flow</name>
            <dimension>Volumetric flow rate</dimension>
			<unit>1e6 m^3 mon^-1</unit>
            <is_var>Y</is_var>
            <data_type>timeseries</data_type>
        </attribute>
        <attribute>
            <name>flow_multiplier</name>
            <dimension>Dimensionless</dimension>
            <is_var>N</is_var>
            <data_type>timeseries</data_type>
			<restrictions>
				<restriction>
					<type>EQUALTIMESTEPS</type>
				</restriction>
				<restriction>
					<type>DATERANGE</type>
					<value>
						<item>2020-01-01 00:00:00.0</item>
						<item>2020-09-01 00:00:00.0</item>
					</value>
				</restriction>
				<restriction>
					<type>LESSTHANEQ</type>
					<value>1</value>
				</restriction>
				<restriction>
					<type>GREATERTHAN</type>
					<value>0</value>
				</restriction>
			</restrictions>
        </attribute>
        <attribute>
            <name>min_flow</name>
            <dimension>Volumetric flow rate</dimension>
			<unit>1e6 m^3 mon^-1</unit>
            <is_var>N</is_var>
            <data_type>timeseries</data_type>
			<restrictions>
				<restriction>
					<type>EQUALTIMESTEPS</type>
				</restriction>
				<restriction>
					<type>DATERANGE</type>
					<value>
						<item>2020-01-01 00:00:00.0</item>
						<item>2020-09-01 00:00:00.0</item>
					</value>
				</restriction>
			</restrictions>
        </attribute>
        <attribute>
            <name>max_flow</name>
            <dimension>Volumetric flow rate</dimension>
			<unit>1e6 m^3 mon^-1</unit>
            <is_var>N</is_var>
            <data_type>timeseries</data_type>
			<restrictions>
				<restriction>
					<type>EQUALTIMESTEPS</type>
				</restriction>
				<restriction>
					<type>DATERANGE</type>
					<value>
						<item>2020-01-01 00:00:00.0</item>
						<item>2020-09-01 00:00:00.0</item>
					</value>
				</restriction>
			</restrictions>
        </attribute>
    </resource>
    <resource>
        <type>LINK</type>
        <name>pipe</name>
        <layout>
            <item>
                <name>image</name>
                <value>images\RedSolidLine16.png</value>
            </item>
			<item>
					<name>symbol</name>
					<value>solid</value>
				</item>
				<item>
					<name>colour</name>
					<value>red</value>
				</item>
				<item>
					<name>line_weight</name>
					<value>1</value>
				</item>
            <item>
                <name>group</name>
                <value>pipe</value>
            </item>
        </layout>
        <attribute>
            <name>flow</name>
            <dimension>Volumetric flow rate</dimension>
			<unit>1e6 m^3 mon^-1</unit>
            <is_var>Y</is_var>
            <data_type>timeseries</data_type>
        </attribute>
        <attribute>
            <name>flow_multiplier</name>
            <dimension>Dimensionless</dimension>
            <is_var>N</is_var>
            <data_type>timeseries</data_type>
			<restrictions>
				<restriction>
					<type>EQUALTIMESTEPS</type>
				</restriction>
				<restriction>
					<type>DATERANGE</type>
					<value>
						<item>2020-01-01 00:00:00.0</item>
						<item>2020-09-01 00:00:00.0</item>
					</value>
				</restriction>
				<restriction>
					<type>LESSTHANEQ</type>
					<value>1</value>
				</restriction>
				<restriction>
					<type>GREATERTHAN</type>
					<value>0</value>
				</restriction>
			</restrictions>
        </attribute>
        <attribute>
            <name>min_flow</name>
            <dimension>Volumetric flow rate</dimension>
			<unit>1e6 m^3 mon^-1</unit>
            <is_var>N</is_var>
            <data_type>timeseries</data_type>
			<restrictions>
				<restriction>
					<type>EQUALTIMESTEPS</type>
				</restriction>
				<restriction>
					<type>DATERANGE</type>
					<value>
						<item>2020-01-01 00:00:00.0</item>
						<item>2020-09-01 00:00:00.0</item>
					</value>
				</restriction>
			</restrictions>
        </attribute>
        <attribute>
            <name>max_flow</name>
            <dimension>Volumetric flow rate</dimension>
			<unit>1e6 m^3 mon^-1</unit>
            <is_var>N</is_var>
            <data_type>timeseries</data_type>
			<restrictions>
				<restriction>
					<type>EQUALTIMESTEPS</type>
				</restriction>
				<restriction>
					<type>DATERANGE</type>
					<value>
						<item>2020-01-01 00:00:00.0</item>
						<item>2020-09-01 00:00:00.0</item>
					</value>
				</restriction>
			</restrictions>
        </attribute>
    </resource>
    <resource>
        <type>GROUP</type>
        <name>storage group</name>
		<layout>
            <item>
                <name>image</name>
                <value>images\storage_group.png</value>
            </item>
        </layout>
		<attribute>
            <name>management</name>
            <dimension>Dimensionless</dimension>
            <is_var>N</is_var>
            <data_type>descriptor</data_type>
			<restrictions>
				<restriction>
					<type>MAXLEN</type>
					<value>20</value>
				</restriction>
			</restrictions>
        </attribute>
    </resource>
	<resource>
        <type>GROUP</type>
        <name>non-storage group</name>
		<layout>
            <item>
                <name>image</name>
                <value>images\non-storage_group.png</value>
            </item>
        </layout>
		<attribute>
            <name>management</name>
            <dimension>Dimensionless</dimension>
            <is_var>N</is_var>
            <data_type>descriptor</data_type>
			<restrictions>
				<restriction>
					<type>MAXLEN</type>
					<value>20</value>
				</restriction>
			</restrictions>
        </attribute>
    </resource>
	<resource>
        <type>GROUP</type>
        <name>demand group</name>
		<layout>
            <item>
                <name>image</name>
                <value>images\demand_group.png</value>
            </item>
        </layout>
		<attribute>
            <name>management</name>
            <dimension>Dimensionless</dimension>
            <is_var>N</is_var>
            <data_type>descriptor</data_type>
			<restrictions>
				<restriction>
					<type>MAXLEN</type>
					<value>20</value>
				</restriction>
			</restrictions>
        </attribute>
    </resource>
	<resource>
        <type>GROUP</type>
        <name>treatment and hydropower group</name>
		<layout>
            <item>
                <name>image</name>
                <value>images\water_treatment.png</value>
            </item>
        </layout>
		<attribute>
            <name>management</name>
            <dimension>Dimensionless</dimension>
            <is_var>N</is_var>
            <data_type>descriptor</data_type>
			<restrictions>
				<restriction>
					<type>MAXLEN</type>
					<value>20</value>
				</restriction>
			</restrictions>
        </attribute>
    </resource>
</resources>
</template_definition>

