<?xml version="1.0"?>
<template_definition>
<template_name>EBSD</template_name>
<layout>	    
        <item>
            <name>grouping</name>
            <value>			    
			    <name>EBSD</name>
				<description>A network for EBSD model</description>
				<categories>
				    <category>
						<name>Nodes</name>
						<description>Nodes</description>
						<displayname>Nodes</displayname>
						<groups>
							<group>
								<name>demand</name>
								<description>demand</description>
								<displayname>demand</displayname>
								<image>images\demand.png</image>
							</group>
							<group>
								<name>optsou</name>
								<description>optsou</description>
								<displayname>optsou</displayname>
								<image>images\optsou.png</image>
							</group>
                            <group>
								<name>exsource</name>
								<description>exsource</description>
								<displayname>exsource</displayname>
								<image>images\exsource.png</image>
							</group>    
							 <group>
								<name>jun_set</name>
								<description>jun_set</description>
								<displayname>jun_set</displayname>
								<image>images\jun_set.png</image>
							</group>   							
                        </groups>
                    </category>
                    <category>
                            <name>Links</name>
                            <description>Links</description>
                            <displayname>Links</displayname>
                        <groups>
                            <group>
								<name>lex</name>
								<description>lex</description>
								<displayname>lex</displayname>		
								<image>images\lex.png</image>
                            </group>
                            <group>
								<name>sw_enhancement</name>
								<description>sw_enhancement</description>
								<displayname>sw_enhancement</displayname>		
								<image>images\sw_enhancement.png</image>
							</group>
							 <group>
								<name>lft</name>
								<description>lft</description>
								<displayname>lft</displayname>		
								<image>images\lft.png</image>
							</group>
							 <group>
								<name>bulk_supply</name>
								<description>bulk_supply</description>
								<displayname>bulk_supply</displayname>		
								<image>images\bulk_supply.png</image>
							</group>
							 <group>
								<name>effluent_reuse</name>
								<description>effluent_reuse</description>
								<displayname>effluent_reuse</displayname>		
								<image>images\effluent_reuse.png</image>
							</group>
							 <group>
								<name>leakage</name>
								<description>leakage</description>
								<displayname>leakage</displayname>		
								<image>images\leakage.png</image>
							</group>
							 <group>
								<name>exlinkso</name>
								<description>exlinkso</description>
								<displayname>exlinkso</displayname>		
								<image>images\exlinkso.png</image>
							</group>
							 <group>
								<name>gw_enhancement</name>
								<description>gw_enhancement</description>
								<displayname>gw_enhancement</displayname>		
								<image>images\gw_enhancement.png</image>
							</group>
							 <group>
								<name>desalination</name>
								<description>desalination</description>
								<displayname>desalination</displayname>		
								<image>images\desalination.png</image>
							</group>
							 <group>
								<name>water_efficiency</name>
								<description>water_efficiency</description>
								<displayname>water_efficiency</displayname>		
								<image>images\water_efficiency.png</image>
							</group>
							 <group>
								<name>metering</name>
								<description>metering</description>
								<displayname>metering</displayname>		
								<image>images\metering.png</image>
							</group>
							 <group>
								<name>gw_new</name>
								<description>gw_new</description>
								<displayname>gw_new</displayname>		
								<image>images\gw_new.png</image>
							</group>
							 <group>
								<name>new_reservoir</name>
								<description>new_reservoir</description>
								<displayname>new_reservoir</displayname>		
								<image>images\new_reservoir.png</image>
							</group>

						</groups>
				    </category>	
				</categories>
            </value>
        </item>
    </layout>
	
<resources>
    <resource>
        <type>NETWORK</type>
        <name>EBSD</name>        
    </resource>  
    <resource>
        <type>NODE</type>
        <name>demand</name>
        <layout>
            <item>
                <name>image</name>
                <value>images\demand.png</value>
            </item>
            <item>
                <name>group</name>
                <value>demand</value>
            </item>
        </layout>        
    </resource>
	  <resource>
        <type>NODE</type>
        <name>jun_set</name>
        <layout>
            <item>
                <name>image</name>
                <value>images\jun_set.png</value>
            </item>
            <item>
                <name>group</name>
                <value>jun_set</value>
            </item>
        </layout>        
    </resource>
    <resource>
        <type>NODE</type>
        <name>optsou</name>
        <layout>
            <item>
                <name>image</name>
                <value>images\optsou.png</value>
            </item>
            <item>
                <name>group</name>
                <value>optsou</value>
            </item>
        </layout>        
    </resource>
	    <resource>
        <type>NODE</type>
        <name>exsource</name>
        <layout>
            <item>
                <name>image</name>
                <value>images\exsource.png</value>
            </item>
            <item>
                <name>group</name>
                <value>exsource</value>
            </item>
        </layout>

    </resource>
    
    <resource>
        <type>LINK</type>
        <name>lex</name>
        <layout>
            <item>
                <name>image</name>
                <value>images\lex.png</value>
            </item>
			<item>
					<name>symbol</name>
					<value>solid</value>
				</item>
				<item>
					<name>colour</name>
					<value>black</value>
				</item>
				<item>
					<name>line_weight</name>
					<value>1</value>
				</item>
            <item>
                <name>group</name>
                <value>lex</value>
            </item>
        </layout>
       
    </resource>
	<resource>
        <type>LINK</type>
        <name>sw_enhancement</name>
        <layout>
            <item>
                <name>image</name>
                <value>images\sw_enhancement.png</value>
            </item>
			<item>
					<name>symbol</name>
					<value>solid</value>
				</item>
				<item>
					<name>colour</name>
					<value>black</value>
				</item>
				<item>
					<name>line_weight</name>
					<value>1</value>
				</item>
            <item>
                <name>group</name>
                <value>sw_enhancement</value>
            </item>
        </layout>
       
    </resource>
	<resource>
        <type>LINK</type>
        <name>lft</name>
        <layout>
            <item>
                <name>image</name>
                <value>images\lft.png</value>
            </item>
			<item>
					<name>symbol</name>
					<value>solid</value>
				</item>
				<item>
					<name>colour</name>
					<value>black</value>
				</item>
				<item>
					<name>line_weight</name>
					<value>1</value>
				</item>
            <item>
                <name>group</name>
                <value>lft</value>
            </item>
        </layout>
       
    </resource>
	<resource>
        <type>LINK</type>
        <name>bulk_supply</name>
        <layout>
            <item>
                <name>image</name>
                <value>images\bulk_supply.png</value>
            </item>
			<item>
					<name>symbol</name>
					<value>solid</value>
				</item>
				<item>
					<name>colour</name>
					<value>black</value>
				</item>
				<item>
					<name>line_weight</name>
					<value>1</value>
				</item>
            <item>
                <name>group</name>
                <value>bulk_supply</value>
            </item>
        </layout>
       
    </resource>
	<resource>
        <type>LINK</type>
        <name>effluent_reuse</name>
        <layout>
            <item>
                <name>image</name>
                <value>images\effluent_reuse.png</value>
            </item>
			<item>
					<name>symbol</name>
					<value>solid</value>
				</item>
				<item>
					<name>colour</name>
					<value>black</value>
				</item>
				<item>
					<name>line_weight</name>
					<value>1</value>
				</item>
            <item>
                <name>group</name>
                <value>effluent_reuse</value>
            </item>
        </layout>
       
    </resource>
	<resource>
        <type>LINK</type>
        <name>leakage</name>
        <layout>
            <item>
                <name>image</name>
                <value>images\leakage.png</value>
            </item>
			<item>
					<name>symbol</name>
					<value>solid</value>
				</item>
				<item>
					<name>colour</name>
					<value>black</value>
				</item>
				<item>
					<name>line_weight</name>
					<value>1</value>
				</item>
            <item>
                <name>group</name>
                <value>leakage</value>
            </item>
        </layout>
       
    </resource>
	<resource>
        <type>LINK</type>
        <name>exlinkso</name>
        <layout>
            <item>
                <name>image</name>
                <value>images\exlinkso.png</value>
            </item>
			<item>
					<name>symbol</name>
					<value>solid</value>
				</item>
				<item>
					<name>colour</name>
					<value>black</value>
				</item>
				<item>
					<name>line_weight</name>
					<value>1</value>
				</item>
            <item>
                <name>group</name>
                <value>exlinkso</value>
            </item>
        </layout>
       
    </resource>
	<resource>
        <type>LINK</type>
        <name>gw_enhancement</name>
        <layout>
            <item>
                <name>image</name>
                <value>images\gw_enhancement.png</value>
            </item>
			<item>
					<name>symbol</name>
					<value>solid</value>
				</item>
				<item>
					<name>colour</name>
					<value>black</value>
				</item>
				<item>
					<name>line_weight</name>
					<value>1</value>
				</item>
            <item>
                <name>group</name>
                <value>gw_enhancement</value>
            </item>
        </layout>
       
    </resource>
	<resource>
        <type>LINK</type>
        <name>desalination</name>
        <layout>
            <item>
                <name>image</name>
                <value>images\desalination.png</value>
            </item>
			<item>
					<name>symbol</name>
					<value>solid</value>
				</item>
				<item>
					<name>colour</name>
					<value>black</value>
				</item>
				<item>
					<name>line_weight</name>
					<value>1</value>
				</item>
            <item>
                <name>group</name>
                <value>desalination</value>
            </item>
        </layout>
       
    </resource>
	<resource>
        <type>LINK</type>
        <name>water_efficiency</name>
        <layout>
            <item>
                <name>image</name>
                <value>images\water_efficiency.png</value>
            </item>
			<item>
					<name>symbol</name>
					<value>solid</value>
				</item>
				<item>
					<name>colour</name>
					<value>black</value>
				</item>
				<item>
					<name>line_weight</name>
					<value>1</value>
				</item>
            <item>
                <name>group</name>
                <value>water_efficiency</value>
            </item>
        </layout>
       
    </resource>
	<resource>
        <type>LINK</type>
        <name>metering</name>
        <layout>
            <item>
                <name>image</name>
                <value>images\metering.png</value>
            </item>
			<item>
					<name>symbol</name>
					<value>solid</value>
				</item>
				<item>
					<name>colour</name>
					<value>black</value>
				</item>
				<item>
					<name>line_weight</name>
					<value>1</value>
				</item>
            <item>
                <name>group</name>
                <value>metering</value>
            </item>
        </layout>
       
    </resource>
	<resource>
        <type>LINK</type>
        <name>gw_new</name>
        <layout>
            <item>
                <name>image</name>
                <value>images\gw_new.png</value>
            </item>
			<item>
					<name>symbol</name>
					<value>solid</value>
				</item>
				<item>
					<name>colour</name>
					<value>black</value>
				</item>
				<item>
					<name>line_weight</name>
					<value>1</value>
				</item>
            <item>
                <name>group</name>
                <value>gw_new</value>
            </item>
        </layout>
       
    </resource>
	<resource>
        <type>LINK</type>
        <name>new_reservoir</name>
        <layout>
            <item>
                <name>image</name>
                <value>images\new_reservoir.png</value>
            </item>
			<item>
					<name>symbol</name>
					<value>solid</value>
				</item>
				<item>
					<name>colour</name>
					<value>black</value>
				</item>
				<item>
					<name>line_weight</name>
					<value>1</value>
				</item>
            <item>
                <name>group</name>
                <value>new_reservoir</value>
            </item>
        </layout>
       
    </resource>  
	<resource>
        <type>GROUP</type>
        <name>DEMAND_APPLY_group</name>
		<layout>
            <item>
                <name>image</name>
                <value>images\DEMAND_APPLY.png</value>
            </item>
        </layout>	
    </resource>
	<resource>
        <type>GROUP</type>
        <name>Not_Prefered_group</name>
		<layout>
            <item>
                <name>image</name>
                <value>images\Not_Prefered.png</value>
            </item>
        </layout>	
    </resource>
</resources>
</template_definition>

